[
	~[tlist_sql;
    Select
      l.id,
      l.dcid,
      l.studentid,
      l.entry_date,
      l.entry_author,
      rspe.title,
      l.subtype
FROM Log l
JOIN U_LOG_RSPE rspe
ON l.dcid = rspe.LOGDCID
WHERE l.studentid = ~(gpv.id) AND l.logtypeid = ~(gpv.cat)]
  {
    "id": "~(id:json)",
    "dcid": "~(dcid:json)",
    "studentid": "~(studentid:json)",
    "date": "~(entry_date;d)",
    "author": "~(author;json)",
    "title": "~(title:json)",
    "subtype": "~(subtype:json)"
  },
	[/tlist_sql]
	{}
]