[
	~[tlist_sql;
    Select
    s.student_number,
    s.first_name || ' ' || s.middle_name || ' ' || s.last_name AS name,
    s.dob,
    s.gender,
    rspe.grade_level,
    s.ethnicity,
    s.street,
    s.mailing_street,
    s.city,
    s.state,
    s.zip,
    l.schoolid,
    sc.name,
    s.father,
    scf.father_home_phone,
    s.mother,
    scf.mother_home_phone,
    CASE WHEN (rspe.ak_disability > 0 AND rspe.ak_disability < 15) THEN 'Yes' ELSE 'No' END AS IDEA,
    rspe.ak_disability,
    l.entry_date,
    l.entry_time,
    l.subtype,
    rspe.duration,
    rspe.personnel1,
    rspe.personnel1_trained,
    rspe.personnel2,
    rspe.personnel2_trained,
    rspe.personnel3,
    rspe.personnel3_trained,
    rspe.pre_incident_activity,
    rspe.incident_activity,
    rspe.student_injury,
    rspe.staff_injury,
    rspe.post_incident_activity,
    rspe.further_action,
    rspe.staff_review,
    rspe.follow_up_date,
    rspe.communication_type1,
    rspe.communication_type2,
    rspe.recommendations
  FROM Log l
    JOIN U_LOG_RSPE rspe
      ON l.dcid = rspe.LOGDCID
    JOIN Students s
      ON l.studentid = s.id
    JOIN StudentCoreFields scf
        ON s.dcid = scf.studentsdcid
    LEFT OUTER JOIN Schools sc
        ON l.schoolid = sc.school_number
  WHERE l.studentid = ~(gpv.DCID) AND l.ID = ~(gpv.ID)]
  {
    "student_number": "~(student_number;json)",
    "name": "~(name;json)",
    "dob": "~(dob;json)",
    "gender": "~(gender;json)",
    "grade_level": "~(grade_level;json)",
    "ethnicity": "~(ethnicity;json)",
    "street": "~(street;json)",
    "mailing_street": "~(mailing_street;json)",
    "city": "~(city;json)",
    "state": "~(state;json)",
    "zip": "~(zip;json)",
    "schoolid": "~(schoolid;json)",
    "school": "~(school;json)",
    "father": "~(father;json)",
    "father_phone": "~(father_phone;json)",
    "mother": "~(mother;json)",
    "mother_phone": "~(mother_phone;json)",
    "IDEA": "~(IDEA;json)",
    "disability": "~(disability;json)",
    "entry_date": "~(entry_date;json)",
    "entry_time": "~(entry_time;json)",
    "subtype": "~(subtype;json)",
    "duration": "~(duration;json)",
    "personnel1": "~(personnel1;json)",
    "personnel1_trained": "~(personnel1_trained;json)",
    "personnel2": "~(personnel2;json)",
    "personnel2_trained": "~(personnel2_trained;json)",
    "personnel3": "~(personnel3;json)",
    "personnel3_trained": "~(personnel3_trained;json)",
    "pre_incident_activity": "~(pre_incident_activity;json)",
    "incident_activity": "~(incident_activity;json)",
    "student_injury": "~(student_injury;json)",
    "staff_injury": "~(staff_injury;json)",
    "post_incident_activity": "~(post_incident_activity;json)",
    "further_action": "~(further_action;json)",
    "staff_review": "~(staff_review;json)",
    "follow_up_date": "~(follow_up_date;json)",
    "communication_type1": "~(communication_type1;json)",
    "communication_type2": "~(communication_type2;json)",
    "recommendations": "~(recommendations;json)"
  },
	[/tlist_sql]
	{}
]